Dimension 1,Dimension 2,index,label
-29.907784,1.6882786,12,13
-22.338396,6.510764,15,10
-9.843798,21.407598,18,17
-37.212738,22.644608,21,1
16.155926,-35.02469,24,5
31.239923,3.9154496,25,20
-17.01888,-37.87537,27,5
1.5008279,-9.8166485,28,20
-18.660635,-7.5071983,31,20
34.561226,6.6825047,32,14
26.510181,-14.204975,35,1
14.282641,21.041737,37,10
-5.655591,17.68036,38,22
-6.288433,-10.717565,39,18
-3.3335576,-14.3568945,41,2
-21.369984,-23.288467,42,2
4.6040583,-43.33714,47,13
28.535213,-3.0742717,52,16
28.518879,-6.9431777,53,21
33.329987,-6.59051,55,21
-21.363037,-40.31226,64,17
-3.8737624,-25.954176,65,22
-33.37078,9.342597,66,18
6.842213,-14.227834,70,14
32.793243,-2.876952,80,0
8.387018,27.607029,81,6
40.478374,-19.320099,82,1
19.027739,41.055637,83,22
-6.1986914,14.258917,84,21
6.1390176,34.7752,85,7
-16.979004,5.240117,88,9
6.1717978,-16.670568,94,11
10.510725,34.17861,95,9
20.401669,-5.2047663,96,14
6.4194937,11.660608,99,13
30.268055,-0.87260264,100,21
16.991905,36.249992,101,13
-27.137688,-21.25414,102,17
1.2221667,-0.77040565,105,1
-32.888653,3.841831,107,8
-17.087688,19.02387,112,4
0.7883726,27.182985,117,18
10.073236,0.79880947,119,16
-36.442028,-16.506466,124,15
28.604057,36.41857,131,21
42.085087,1.1448367,132,14
-1.5048112,44.570484,133,16
-26.2485,-24.821869,134,19
25.636194,-6.897248,141,6
16.36873,34.21176,142,12
38.832676,-19.885603,144,14
40.802788,10.124115,147,4
23.928493,23.611761,148,7
-10.65925,16.811592,150,19
7.993193,28.6586,152,1
27.898752,-22.050356,153,4
3.2429295,-12.830188,161,1
-1.8264554,-26.689753,164,11
9.206471,24.557642,165,19
33.8467,-30.753756,167,7
-2.5253162,-9.418975,168,13
31.045052,-0.82006055,170,14
-32.28802,0.9997567,171,2
-19.234444,5.534965,172,11
-11.147665,-18.774195,173,9
-14.507198,-39.260784,174,14
-1.0395235,-13.946308,183,10
0.75985336,8.404672,186,1
32.11096,-11.215899,190,19
10.0849695,34.912834,193,20
-2.2444475,10.510569,200,9
-20.699255,1.5906818,221,6
-17.962559,-7.486321,223,12
-1.1304531,18.133879,227,1
24.110798,-10.494735,230,5
6.9038415,3.7246637,241,3
-25.581818,-16.559443,245,17
4.415051,29.152643,247,21
-13.943998,-3.1108904,249,18
-6.0640416,2.0334022,250,2
-17.210024,28.20453,251,4
4.6321015,-19.19357,252,2
-33.6757,-26.053352,253,14
11.639939,17.974113,255,17
10.656023,26.919987,265,5
-28.488018,35.12366,266,21
-4.4939294,34.032467,267,9
-19.82516,-5.049359,268,7
11.505911,22.303125,269,15
-15.822948,-1.0566369,273,22
35.153492,-4.1640267,275,10
8.112392,-2.147088,276,6
16.063814,37.251812,277,0
-28.817127,-4.713083,281,13
-14.569963,24.65851,282,18
34.576893,-5.8924875,284,14
-11.8994875,-8.171121,285,9
-3.5747516,44.78449,291,22
24.383924,18.835888,292,12
-14.370092,-14.012788,300,9
-9.1166935,3.3518217,301,19
9.021067,24.450079,309,2
18.827513,1.3855826,316,18
28.429544,-9.888953,317,13
-14.237042,1.4328303,319,11
12.822393,4.2112646,320,21
-4.335289,-48.393887,323,9
13.760435,-7.3881445,328,12
7.5284295,38.272484,339,16
11.935111,39.7892,340,20
-12.037726,-37.06648,341,19
2.8239434,31.811836,342,7
-1.0250142,-38.13418,343,10
4.3029065,-39.715164,346,19
0.52102804,-8.630098,347,2
30.581026,21.57045,348,10
22.563278,-29.835993,349,6
7.613892,-23.006605,351,3
36.041363,-25.082224,353,19
7.9815655,33.369495,354,13
-21.667074,-12.035513,355,7
-2.8494713,-21.04874,356,5
-9.877559,-22.044067,357,15
-8.821344,40.00366,358,12
-14.986429,-41.1098,359,14
-7.9562964,-28.79712,360,13
-29.414152,3.4684658,361,13
5.949234,18.54139,362,15
17.455336,-8.6258135,363,6
15.800271,17.212185,364,21
-36.854218,13.145563,365,13
4.7100863,8.475018,366,4
12.6894865,-17.851664,367,19
-11.211133,-13.2917185,368,4
-0.1267315,28.690353,369,2
8.388128,-5.0003977,370,13
-9.6575985,-14.556517,371,5
5.3669305,15.20493,372,10
45.319626,-14.639734,373,2
-34.350292,7.738038,374,9
7.4112816,-20.666996,375,6
12.205066,-28.578787,376,14
-29.093006,-33.15484,378,21
3.76004,-1.7190831,379,21
19.320965,30.515436,380,4
-22.9719,-15.160065,381,1
35.879818,19.111115,382,4
12.364634,4.595375,383,18
3.1521955,-7.321709,384,7
30.939716,4.1183596,385,11
5.858041,13.107292,386,19
-5.6336355,33.721577,387,22
21.734589,-33.90931,388,14
-4.865037,-16.545427,389,20
-0.9539555,-19.160925,390,3
33.72947,-30.699238,391,19
-12.079207,22.468279,392,22
-15.955697,-0.78323674,393,6
6.414482,-28.276833,394,0
11.301946,-25.88011,395,14
4.0852304,21.418583,396,10
13.343181,-10.164152,397,0
7.6857862,1.9714735,398,5
-25.95047,20.376923,400,14
1.8239337,-20.677355,422,13
-28.770817,11.400569,434,21
-10.690298,33.83075,442,10
-3.743589,11.03886,447,3
-26.024374,-1.4149785,450,18
-9.930412,-2.3706644,455,12
-20.848415,23.614462,458,20
5.543776,-0.89965075,463,3
-10.519607,-0.022534056,464,1
1.8732294,1.2665997,466,1
-24.75111,33.972088,468,4
-11.128583,6.1314287,469,10
36.411297,-9.190317,470,21
24.793737,-22.872633,471,5
-12.290634,-39.796734,472,3
-16.140203,18.244469,474,18
-18.728249,-31.92446,484,3
-31.697992,30.08628,485,4
27.055494,7.8519387,488,19
37.96978,-2.7628384,491,14
15.703949,-6.81197,492,17
37.136086,3.8886318,493,21
36.806885,-24.079039,494,16
-21.98002,34.367943,495,1
1.7629046,-30.232101,506,14
3.189573,3.4974864,509,3
-1.9919055,-10.307984,510,0
18.755024,26.26159,511,4
-24.686655,-34.47187,512,6
-2.1225095,-26.413311,524,2
14.604251,-21.175629,530,17
26.772001,-10.898899,544,9
-7.867086,-32.68747,545,11
-11.433777,34.899315,556,12
15.276962,1.94222,560,11
3.8354714,15.251068,563,0
16.767542,33.83651,565,12
-1.3959183,25.091969,573,19
17.548553,17.68294,575,21
1.7505575,-6.819719,577,1
-24.922558,0.925853,578,8
13.181567,8.456155,581,14
8.5046425,40.10418,587,8
-0.3319223,3.0608544,588,15
19.832308,8.683456,597,8
27.704819,36.70766,598,0
-1.3459253,-28.05677,602,14
32.027027,15.986246,603,13
-22.21992,28.706638,609,16
-19.202593,-7.0008073,612,20
11.326851,-17.621622,613,9
-35.49966,-29.959267,614,3
-46.901928,-0.24542944,616,12
0.33110017,-11.626739,619,15
-34.48467,-17.484535,620,15
-0.61623734,7.2267485,621,3
-18.820053,34.357887,624,10
-20.78399,24.676617,625,12
16.4562,14.538427,627,8
28.797523,4.6325436,628,12
-18.77999,-0.7595663,629,20
-0.99887383,4.8567386,630,14
-38.884434,-2.2183912,632,2
12.676175,16.0112,633,17
12.734495,19.801268,634,2
6.9687705,-37.20771,637,7
4.035629,-4.889905,638,20
-7.3025565,-32.595894,639,11
10.88002,36.709293,640,22
-36.702545,-19.180086,647,4
-18.979279,-18.8199,651,19
7.5617795,-9.499085,652,14
-17.670698,30.656357,653,4
22.628899,-20.07265,654,21
15.747838,26.741055,656,21
-9.38105,26.459793,658,2
0.6275663,-27.130749,666,11
0.51402426,-25.178396,668,5
-3.4118016,-6.9640617,675,20
-19.535877,-4.3042417,676,0
-13.630398,-15.081257,678,0
9.327272,10.643149,680,22
-17.124613,-5.3479085,681,18
-5.051096,-6.4869695,682,0
-5.300962,-14.636459,683,17
0.7729237,-27.712442,684,11
-19.50491,35.083572,685,17
6.470852,33.189682,686,2
-42.129642,-8.853205,688,13
-25.385246,-22.671242,689,14
-23.24537,20.733492,693,10
-20.973366,-2.2714288,694,18
-8.666657,-11.80055,695,17
38.038902,-0.43860686,696,16
-35.390747,-12.924405,697,21
-32.755905,-23.153927,698,3
6.1921268,-17.924679,701,21
-25.392864,30.529264,702,9
21.680607,-33.527073,703,5
-2.0033913,28.626339,704,10
-7.6720524,1.6472349,705,16
14.269727,-13.270676,706,8
35.404064,14.405681,707,12
-12.844541,9.743695,708,4
2.3160563,2.6038995,709,21
-2.6748393,-18.139124,710,5
11.998266,-14.130612,711,8
6.6207676,18.092794,712,15
-11.85682,6.5595307,713,11
5.2824335,1.6634905,714,3
2.7694814,-37.63234,715,15
5.9264135,-9.507512,716,15
-3.5062447,34.584843,717,19
16.770449,-34.00345,718,14
7.860327,6.663242,719,7
13.083946,-18.07715,720,8
0.9669118,-2.4805312,721,21
-14.702588,-25.931927,722,12
42.623768,23.01991,723,12
-14.930356,-7.2589755,724,20
-26.304247,5.7914743,725,19
0.49427664,33.314972,728,2
6.4199333,3.0747025,732,11
-38.587254,-0.96612656,744,15
25.386831,-23.120146,754,19
3.6465352,-4.100238,755,20
3.3617961,32.165565,758,13
37.057327,-26.850382,759,12
25.726505,10.710972,769,20
9.121219,-39.108395,770,7
-36.6502,-16.3003,771,3
20.821468,11.301467,772,21
34.441013,-19.188433,773,4
17.98735,-28.106022,775,14
-30.103748,-2.076353,779,20
20.907612,-26.140543,780,5
10.637587,10.479305,782,9
-33.01834,-4.721424,784,5
-26.046352,5.108537,785,12
27.109518,7.3069973,786,10
0.06606714,-20.18703,787,12
20.944445,-38.30798,790,6
18.03344,-1.6936609,791,6
25.572094,-17.361692,792,21
10.954444,-28.012156,793,12
-15.365053,-29.758608,794,3
23.722244,3.9335864,798,16
5.7730403,38.60263,802,19
-18.593405,-21.833395,803,19
-3.0856993,-11.49177,804,2
-30.22344,-8.986328,810,2
-38.727795,-1.2192514,811,10
-7.8607926,6.5130744,818,11
30.280264,15.963787,819,0
-27.98381,-6.744225,821,11
-13.944712,7.4735265,822,17
-21.604763,0.47977903,823,13
2.6366253,23.660587,826,19
7.989261,30.720272,827,16
-17.63094,-13.965091,828,0
2.1303203,25.244038,829,17
13.346344,42.27793,830,4
35.040154,26.652294,831,10
14.651661,-24.401194,832,16
-35.681297,9.72966,833,8
-5.295097,-40.980057,834,11
14.283765,-3.7562587,835,11
3.0262053,-17.237665,836,22
5.320585,44.255,838,15
21.402697,-13.960665,839,16
31.713005,-26.770725,843,17
19.94999,-28.871397,844,16
20.210722,15.035483,845,16
39.482864,-3.079225,846,4
-40.61273,-4.956002,848,6
-7.123521,-11.51111,851,14
12.609952,31.092087,853,4
1.2633762,-23.468204,854,14
32.375813,17.740492,855,21
-32.923847,-6.934206,856,9
20.118288,-6.9053636,858,0
-0.8175312,-14.605778,859,6
26.905985,30.272083,861,13
9.75436,-3.9936483,862,14
-4.7273293,-22.413956,863,14
7.819034,-22.449215,864,8
9.336689,16.560791,865,22
27.446241,16.712976,868,12
-4.7848907,-12.807613,869,10
9.423112,-30.69665,870,9
17.995667,-16.219576,871,19
-25.07579,-7.14147,872,9
-9.830206,9.907891,873,20
13.59504,-31.21454,874,5
4.190894,-27.347723,879,5
10.376514,-43.661995,880,14
25.969593,17.739134,882,22
-22.086246,-24.450327,884,18
-6.6512675,19.321936,885,1
-20.943121,4.2294664,888,9
47.253487,6.660565,896,6
4.2633834,25.164146,897,19
17.04499,4.355948,898,14
25.028313,-10.368807,900,16
4.7237043,-31.309998,901,15
-24.377144,-4.053513,902,10
-7.436661,7.828089,911,16
40.67813,-3.1689098,912,8
-46.002884,-15.950984,913,3
15.015131,10.287818,914,0
-14.975686,8.7594385,920,12
0.4952788,39.148624,921,19
24.488419,8.276793,922,11
-18.261736,41.33783,923,19
30.285318,15.965306,924,0
11.480561,-13.608545,925,21
-6.853515,31.68647,926,17
-7.081008,-20.471407,930,11
-26.68582,-18.772787,931,3
-23.59989,-11.084971,935,10
-16.150793,39.153297,937,8
-26.570227,11.9067955,939,11
-5.2573156,10.826209,940,8
-9.160858,36.957874,942,19
24.016184,-29.762634,943,18
-6.003481,41.222015,944,4
-32.916576,-24.828222,949,18
11.751936,0.80663806,951,3
2.7388241,-43.6471,953,12
0.31719553,10.58824,956,10
38.559486,-2.6348095,957,22
-9.912491,26.846096,958,9
-27.271267,-4.5674863,961,11
-37.21019,22.737106,963,3
22.589895,5.6857758,965,15
-4.0016856,-38.82844,972,14
-32.234043,22.025011,974,22
-27.543613,7.4412065,980,13
29.427654,-8.007385,982,0
-0.5577438,-17.326712,983,14
38.17499,8.53404,990,15
10.282377,2.9235916,991,16
-13.352359,31.289942,992,21
-8.886472,-14.52232,995,2
-11.164094,12.320948,996,15
-8.757122,35.547073,1002,22
-4.987398,9.700617,1003,21
14.615982,11.451337,1004,21
-19.189106,-16.369526,1005,2
-19.752003,-14.399635,1006,0
17.96806,23.922153,1007,16
9.41126,-39.87917,1008,11
10.7740135,-4.5632877,1009,17
-17.248903,-37.835625,1010,13
13.196963,-1.8530508,1011,11
35.508972,-1.6073244,1012,16
-34.362125,20.149508,1014,7
24.19605,-15.415694,1015,5
-37.422108,0.9983145,1017,10
-4.490082,-39.912426,1018,16
19.403538,8.641431,1019,8
18.459024,12.568465,1020,3
16.18254,14.132627,1023,22
-1.7032591,-5.2621803,1031,18
-11.050442,-45.64397,1032,15
25.274586,-16.283968,1037,15
-34.40271,4.836457,1038,17
-6.313321,9.75462,1040,20
-14.717022,-34.36803,1042,16
-7.083944,-17.317085,1043,11
28.48949,-9.609729,1045,8
17.31776,18.625639,1046,16
-34.733948,1.6443439,1048,7
0.28495288,30.039,1052,4
-1.3477511,45.195484,1053,1
-9.769439,-11.077034,1058,9
-10.207685,-22.04588,1059,15
8.732967,19.48553,1060,16
25.829624,-6.983076,1070,20
-35.99875,-7.555886,1071,9
7.6767898,-17.632807,1074,2
0.39829394,27.161047,1083,1
-13.129405,-8.937052,1084,7
9.186601,-18.945335,1085,18
23.901283,27.342672,1086,13
6.7264695,-37.639378,1087,15
21.959753,-30.569614,1088,9
-21.37058,-11.146364,1089,10
-2.8719072,39.691093,1090,22
44.232716,-4.8124356,1091,4
35.244553,25.08073,1092,13
30.546288,-18.753443,1093,12
31.806465,25.13653,1094,0
-26.59654,17.190554,1095,22
-23.980713,-0.7220299,1096,10
-19.061266,34.639668,1097,17
-7.941211,-36.045033,1098,3
-22.855068,-17.120323,1099,5
-2.6430335,22.176165,1100,16
1.8742425,4.342991,1101,22
33.892845,-7.5844173,1104,21
-36.508774,-6.3139544,1106,0
-24.155794,5.3951726,1113,18
11.992996,-23.866352,1115,11
4.1947527,-39.077755,1116,1
19.402548,16.790789,1118,16
34.440826,6.5600743,1119,14
-22.781118,2.9206197,1120,20
26.748014,-1.9209905,1121,14
-1.1028447,-8.277317,1122,6
-17.437967,27.912996,1123,4
21.125559,-24.388409,1126,15
-24.123924,5.7670517,1128,17
-10.965609,0.8221553,1129,9
-8.917614,-33.875893,1131,22
-28.09521,-23.839384,1136,9
21.281271,19.922598,1137,5
1.6538364,-14.795591,1138,2
-14.84556,-21.728205,1139,0
-7.2305064,-3.7536128,1140,18
23.597872,-4.840831,1142,4
11.705881,36.394165,1143,4
8.820871,8.524202,1144,14
-0.031530786,-1.0990672,1145,10
16.461878,-12.936262,1146,9
-20.635471,-34.334064,1147,21
39.58711,-9.537014,1148,0
5.397115,-3.1601238,1149,4
-12.494979,5.3172536,1151,11
-30.613617,10.192124,1163,3
-14.613064,19.086102,1165,1
-9.319798,-12.752581,1166,1
0.62787753,19.046818,1167,8
3.7608137,14.659976,1168,18
31.808613,-26.996712,1170,17
-19.594097,10.984954,1171,12
21.812767,-34.236813,1174,20
-1.2231216,-35.57453,1177,13
19.112461,3.6215591,1178,0
28.643507,-20.17821,1179,18
-38.9606,-4.358871,1180,6
3.0215917,8.574557,1181,22
-16.592705,-34.353863,1182,18
3.7734225,-21.39726,1183,1
-5.280436,46.19749,1185,19
12.5660095,19.563807,1186,21
29.982458,-10.990455,1187,2
31.759268,5.070461,1188,19
18.072378,10.101724,1189,6
40.612576,-7.625901,1190,4
-3.2423186,28.912037,1192,17
35.892033,-7.315154,1199,7
-4.673465,19.902067,1206,1
33.76419,9.423392,1207,16
5.457281,-31.817877,1210,4
15.026355,-3.6107943,1241,7
-18.647356,24.251902,1248,12
15.459529,20.628912,1249,7
-4.602721,-20.253407,1250,2
-19.21565,-12.123652,1251,5
-17.082031,-9.941648,1252,3
-4.664456,-0.30401295,1253,15
-18.474941,-27.534323,1270,12
-13.249012,-3.8458543,1272,6
-23.85198,10.116425,1273,10
5.6877465,-25.77717,1274,2
31.837355,-27.897455,1275,14
-8.358465,5.333489,1277,6
5.4526544,24.310295,1279,4
-16.072443,-38.632637,1280,6
-15.176448,-25.434977,1281,3
-2.3454316,-36.78086,1282,2
4.4993634,2.108325,1283,3
10.315062,-45.929432,1285,18
-22.910349,3.018231,1286,17
5.5641847,16.315603,1287,15
-28.788498,26.932491,1288,0
-32.906403,-0.12504733,1290,13
17.167398,17.465864,1291,1
-21.590673,-26.89879,1292,7
-9.911368,-26.02453,1293,14
-43.989452,-11.286536,1297,22
-15.661195,-9.417755,1299,4
-4.2815313,-48.377945,1300,9
22.454924,-17.676208,1304,7
43.4011,16.885166,1305,16
-17.979626,-32.005676,1306,14
-4.3729,-38.216335,1309,15
-8.120166,33.2662,1310,1
-42.87741,9.761677,1328,22
6.4422774,-6.5721655,1329,5
-36.45761,-21.72391,1330,6
35.437454,3.024645,1331,20
21.04642,23.921618,1332,8
-5.771747,-34.232815,1334,6
-23.768654,-35.710773,1335,17
13.015509,-37.242344,1338,5
-37.95256,-20.114534,1340,4
-30.62803,-2.9193783,1341,0
18.10202,-21.215055,1344,5
16.870205,24.26038,1353,15
20.212465,-7.8665314,1354,0
43.261486,17.086397,1355,8
47.45369,-0.0491278,1356,11
-6.6570225,-24.378134,1357,13
4.7218924,34.580074,1358,8
9.247396,6.2055206,1359,13
-5.1114707,-4.5880265,1360,7
-28.620258,35.40629,1364,9
-2.7041812,-11.586543,1365,10
1.9650829,-2.173532,1366,20
11.57954,-17.279871,1368,6
-8.942447,13.2726555,1373,10
-30.020351,0.98175406,1380,11
3.4326274,-13.063373,1381,16
23.271957,33.6402,1382,6
-38.930107,9.106915,1394,4
-0.79746896,9.077992,1395,10
-15.136647,-14.693964,1399,2
-18.845499,-9.289847,1402,3
7.6569486,11.960055,1403,22
-16.286654,-20.06256,1405,5
-11.334623,-32.80749,1411,19
-9.397413,-7.7143936,1415,20
28.564096,-6.8349376,1416,14
15.1670265,11.528319,1418,16
3.4293962,28.627817,1428,20
11.659732,-6.4282646,1431,13
-45.512634,-5.931663,1435,12
-0.060622893,30.145222,1436,9
31.851376,-2.0145998,1453,16
-36.61736,21.697065,1457,17
37.758568,14.999828,1460,15
6.228792,-28.113464,1461,0
-6.967428,16.856272,1462,21
0.08890999,23.985037,1464,1
39.230568,-14.46421,1465,8
45.367744,-15.772065,1466,2
37.02,-11.02095,1472,5
-28.237427,21.875277,1477,22
8.169637,14.890072,1478,20
13.057059,-15.964794,1480,20
44.28587,15.467983,1484,14
2.8839016,2.611378,1486,18
-30.52156,18.288939,1487,6
20.49305,-0.8836591,1512,21
-31.214582,14.170101,1513,3
-28.551458,-4.377753,1514,17
10.855787,19.456388,1515,1
1.3339334,4.960166,1516,13
28.29211,19.686241,1517,18
-1.3249621,-40.79727,1518,17
-16.94144,-18.367414,1519,8
7.5457053,-31.15812,1520,5
-17.602537,-5.8957286,1521,15
8.969017,20.685034,1522,19
-34.997375,-11.451115,1523,3
22.286509,0.1605764,1524,19
-26.120909,-21.83271,1525,3
-18.187485,13.499258,1526,11
13.63249,-27.028727,1527,9
-11.563112,33.42425,1528,10
10.289633,-14.332489,1529,20
6.7969947,-6.983442,1530,21
-8.595133,30.725166,1540,1
6.8946133,20.626125,1547,0
-2.4087605,-16.781458,1551,2
-39.78434,5.3896003,1554,21
-39.070168,-5.1580005,1561,2
20.234762,32.78023,1563,19
2.4956338,-25.966251,1564,10
-34.38561,6.8314342,1566,9
-29.285511,-20.117659,1570,3
16.151106,23.722704,1571,16
-43.50578,-0.46409735,1572,3
15.9967,11.808562,1574,18
6.3019996,-13.185668,1575,4
-7.856133,-20.06872,1576,0
14.30709,-8.008656,1577,9
-23.594463,7.3184023,1578,12
-24.18647,-13.34923,1579,12
32.741016,-29.280722,1580,12
-27.702995,-23.406532,1581,9
32.392666,28.34426,1582,10
-10.168599,-7.21421,1584,15
14.436454,-32.704556,1586,15
29.233902,-8.380838,1587,18
-28.742842,2.0852983,1588,11
11.547469,46.19333,1589,7
-19.104506,-28.298561,1590,12
15.690676,-22.898127,1591,18
-4.084652,12.553309,1592,10
8.89124,35.4821,1593,4
7.8042016,0.059716966,1594,1
10.678875,39.37839,1595,17
-19.35997,0.9232424,1596,13
5.4339986,-14.906329,1597,15
-8.80503,-4.963666,1598,18
32.424248,28.578287,1599,16
13.61448,-6.055539,1600,4
-44.10533,5.0399942,1601,14
-30.062654,0.49627876,1602,11
-26.232822,15.4130125,1603,17
-13.2623005,15.585346,1604,12
-25.875332,20.026976,1605,15
-33.636,-21.696692,1606,3
17.619171,-4.7623096,1607,18
-0.41954932,-35.299572,1608,14
24.644758,18.45555,1609,5
25.75494,-32.680367,1610,14
-16.152462,38.5122,1611,13
-16.856367,5.188769,1612,9
26.483423,-34.98852,1613,16
37.399067,-21.09883,1614,5
13.4715805,-41.352364,1615,14
-19.82372,-16.12752,1616,11
-25.341116,27.156796,1617,15
-0.17882997,-29.610483,1618,13
36.30838,-24.937628,1619,10
-6.579156,-11.347692,1620,4
7.400227,22.41276,1621,22
16.604305,14.6864195,1622,17
38.30007,1.1658337,1623,20
35.474415,3.0117962,1626,20
-23.797915,17.951591,1627,17
-23.181648,-15.62549,1628,11
8.64088,-11.445442,1629,15
28.577072,28.466122,1630,15
-37.492687,9.24782,1631,6
3.5091891,14.1966,1632,4
-4.7089305,20.928255,1633,1
-0.27490765,46.31185,1634,20
23.12041,4.7015076,1635,10
-9.53337,15.501708,1636,18
15.651607,-6.6394987,1637,15
-12.181023,-27.694128,1638,8
-13.453727,-12.778092,1639,9
2.6216598,-33.499966,1640,16
-10.570761,19.348396,1646,21
-6.888661,11.155122,1648,18
27.063374,-36.081135,1649,16
-11.020725,-32.83782,1652,21
-25.204607,-5.1508236,1659,0
27.944332,0.9538393,1660,7
-12.240954,-11.22981,1662,4
30.967833,15.523639,1669,18
13.039064,17.26116,1670,14
-23.780931,0.9929535,1671,8
3.438322,-15.874704,1674,22
18.34935,-23.019464,1675,16
20.269712,36.69342,1676,0
14.879609,19.046677,1690,5
14.096961,23.365625,1691,8
40.47207,-7.9684677,1697,7
16.079147,30.123993,1698,5
-0.71473956,-4.0316553,1699,6
-0.9763119,14.6919565,1700,9
-8.605311,-15.095668,1703,14
-8.478465,-28.811058,1704,2
18.273361,-22.60852,1705,18
-30.469782,24.99217,1706,10
5.0973873,-24.114302,1707,9
3.0606663,16.513647,1720,9
32.67283,-0.8234129,1724,13
12.431523,-4.1896086,1727,6
-32.55633,-13.441581,1733,13
-13.615163,29.636507,1734,15
17.897495,7.7166324,1735,8
-8.943208,-34.686737,1736,6
-26.129622,22.225815,1737,10
-16.781557,-1.6322811,1739,9
16.70509,-13.268439,1746,9
17.034487,1.1766727,1747,1
11.016054,-12.231103,1749,15
1.436631,14.367175,1750,10
-8.409455,12.048919,1753,1
-3.3573346,45.257217,1757,12
-3.983946,18.377846,1759,10
-7.596009,29.465794,1760,19
-11.876499,2.995402,1764,11
-12.381836,18.10454,1765,17
-21.444452,-26.894808,1769,0
12.695065,30.696747,1770,12
20.021662,10.468245,1772,20
-6.582708,-25.332891,1779,2
39.036747,21.435553,1780,20
-27.380524,22.400663,1781,10
-35.49463,-29.958,1787,10
30.514791,11.950381,1789,21
-0.9959092,23.053043,1790,7
16.030138,5.083273,1793,14
21.576502,-12.300899,1795,20
-14.783337,-22.341965,1796,19
-5.2810507,28.890085,1798,2
-11.688439,-38.228157,1804,14
-43.727314,8.100308,1805,4
-33.160667,-0.15450452,1807,12
-6.050385,-27.805197,1808,20
-24.604214,3.043961,1809,20
45.488464,-13.480729,1812,2
25.412554,1.9155766,1814,16
-25.868626,-6.5794163,1815,15
-14.615364,-15.261407,1816,11
3.0372524,11.537915,1818,15
26.161318,3.2985876,1819,6
29.202673,15.316473,1820,16
22.96921,-3.6235206,1821,7
-6.661684,25.787678,1823,2
29.871243,2.1405559,1824,12
-14.465383,6.6548376,1825,20
-2.190568,0.85135335,1826,12
-28.41057,-17.0328,1828,5
6.040917,8.277318,1829,4
0.70677733,7.909414,1831,16
42.222878,1.2553484,1832,21
35.287037,-25.308302,1833,21
42.939545,4.5092206,1834,0
26.73218,17.37918,1835,6
19.984705,19.745428,1838,17
-21.003399,7.707608,1839,10
-29.424755,-14.568485,1840,3
23.192354,11.369425,1841,16
-28.700218,-1.2728089,1843,13
-34.240837,4.544762,1844,17
16.849354,35.81161,1845,13
19.938078,7.672851,1846,9
25.993048,-29.370844,1847,6
36.15741,-11.864576,1848,7
-11.735815,-1.4658985,1849,13
2.7824466,31.362757,1851,2
31.832594,-5.7401643,1857,9
-9.299164,-8.802147,1860,20
27.022207,-42.262478,1861,11
32.553383,-15.588854,1862,9
-22.412388,-6.6567593,1871,18
11.796776,35.436172,1874,16
-7.910396,-37.737877,1875,6
18.117521,41.296993,1876,16
-19.27326,30.694988,1879,22
11.064942,-12.360026,1880,21
3.5376105,-21.026148,1882,15
11.526902,36.25581,1883,18
-27.224573,-10.446661,1884,15
9.682318,-7.895326,1891,21
43.861164,-6.236263,1900,14
42.187244,0.34639892,1901,21
5.5293326,-8.181791,1919,9
14.599905,10.849678,1920,9
-28.775024,-10.097638,1921,3
15.4718075,-40.741463,1922,14
-20.348616,37.769066,1933,8
11.447208,-16.458609,1935,6
-12.062856,2.699383,1942,13
4.4923496,35.38881,1943,19
24.022398,1.9873644,1944,19
12.546205,-41.93331,1950,15
2.931063,-17.204935,1951,14
10.293995,-2.08564,1952,20
-15.031253,15.074456,1953,1
31.112406,-22.178055,1954,18
17.575571,-10.830054,1955,15
0.7086367,-9.915485,1956,2
-23.461248,-14.070867,1959,0
-36.5505,5.0447626,1960,11
14.166066,-10.22879,1964,9
-30.760855,-6.6628804,1969,19
-15.214677,-20.847088,1970,5
-18.860966,-2.633945,1972,5
-27.359558,-6.764221,1973,19
28.094034,-18.721346,1974,16
-22.055067,43.273117,1975,11
24.542238,-12.841669,1976,16
-2.033276,16.601404,1978,1
4.246808,-27.752035,1979,9
-16.719559,22.77258,1980,2
32.691162,-10.277239,1981,8
-44.192154,-5.1218276,1982,6
-9.7539625,-28.463123,1983,8
-26.296398,30.416674,1984,10
-39.953358,9.921407,1985,6
-14.955585,-41.263447,1986,6
-43.83687,5.1253963,1987,19
39.51326,13.924731,1988,9
19.049162,25.317493,1989,9
6.987159,-28.52827,1992,0
-12.037871,-33.669903,1993,6
27.597921,-39.68707,1994,10
9.231009,-19.057076,1995,0
-28.573017,-13.761138,1998,22
7.771871,-24.969467,1999,8
-43.58224,-0.47533846,2000,12
-14.441385,-38.987286,2001,14
19.724852,20.290005,2002,7
-21.930868,-9.682311,2003,0
-19.01224,-18.882769,2004,18
-6.5368867,-32.76,2006,6
-14.040356,-14.787222,2007,2
-4.105863,15.32797,2008,8
13.584587,-5.847015,2009,3
5.1846366,9.715154,2010,22
-20.638916,-20.643677,2012,19
38.180603,3.9717295,2029,2
1.7306676,1.169792,2030,1
-4.8220983,33.312508,2038,21
-3.1102016,8.506544,2039,9
29.844654,9.6389885,2040,19
-20.474514,-23.587866,2041,9
29.054636,36.30574,2045,1
-13.371465,-0.47315982,2054,6
15.454086,-41.769547,2064,15
27.989504,-24.94758,2067,8
-17.152472,-9.934703,2072,9
13.100934,-41.577007,2073,15
16.822262,-2.11209,2074,12
13.896324,-1.3878975,2076,18
-33.61022,-18.568232,2077,18
-5.462018,41.17693,2079,17
-23.41496,1.5562366,2082,22
-8.179215,-15.651857,2083,1
-17.306843,14.298613,2084,22
34.99254,-20.665842,2085,17
37.858982,14.917042,2086,4
-5.752645,-0.44373104,2087,3
17.820133,43.10018,2088,6
-36.79296,5.3223934,2089,19
-13.425954,1.4366502,2090,13
9.807239,-10.006882,2091,2
9.472302,-33.843575,2093,11
19.890583,-25.806065,2094,3
9.174113,30.809084,2095,15
11.115216,14.793802,2096,7
-4.402782,-2.7188113,2097,15
-4.917262,-12.798128,2106,11
-16.08736,-36.70852,2107,5
1.5207114,35.608883,2108,17
3.249207,-19.065472,2110,18
-10.458495,-0.39669555,2111,9
2.2769048,-22.213673,2114,1
-0.2267974,15.809807,2116,1
15.641664,20.857447,2117,22
26.35845,24.400175,2118,10
-7.8684454,35.842228,2119,0
4.4334865,-23.10044,2120,15
5.2563095,5.5448895,2121,1
-16.687027,-3.3851476,2122,13
36.093445,10.986475,2123,17
-42.72598,10.0968275,2124,12
-10.555921,6.227261,2125,11
12.5226555,11.328798,2126,0
17.182709,-43.2993,2127,6
22.276588,-23.227377,2130,22
15.345622,-15.281702,2131,9
22.35905,-39.491867,2133,20
-22.5398,14.82567,2137,5
-31.417429,-12.896471,2139,10
-6.3822074,-23.081753,2142,6
-8.125212,6.0042415,2143,4
30.749567,-14.8582945,2144,20
12.295653,-37.285084,2145,21
-1.3081579,-13.458104,2146,10
-43.602573,22.327513,2150,15
-5.708126,-8.066292,2151,19
20.298702,-38.49308,2152,20
27.47188,5.1423874,2154,9
-43.339252,22.814413,2155,1
8.214375,-25.520872,2157,9
15.798699,8.428245,2158,1
-34.747395,-12.162719,2163,0
35.341705,-20.665106,2168,7
12.69011,-16.554188,2175,4
29.300903,26.86129,2176,7
-15.548212,-6.703337,2179,17
-8.138236,23.990578,2182,2
47.459885,-0.04281257,2183,19
9.433705,-28.114798,2187,3
-18.010746,-36.563244,2188,14
-8.650261,-11.668087,2191,1
11.562091,-46.11516,2192,20
0.85845923,-16.510042,2193,14
-30.932735,-6.3130474,2194,19
32.44796,-11.468808,2195,8
-4.824323,5.81509,2196,11
4.6706767,40.14059,2197,22
-37.74588,-11.691003,2200,3
2.3518312,-45.244892,2201,15
-17.091976,-3.3906665,2202,9
5.5705066,-16.858656,2203,11
12.66729,1.4966444,2204,4
-20.320808,-10.213892,2206,0
-20.925945,-2.9426363,2208,8
-41.745495,-18.439802,2209,13
-29.634972,-15.660952,2210,3
12.600983,26.703209,2211,3
-19.428629,-24.135242,2215,0
7.795553,0.080659814,2234,1
0.26056442,17.525368,2235,1
30.869444,-19.562273,2239,7
12.167841,31.859165,2240,8
0.54481936,35.803806,2246,17
-15.079715,-28.98567,2247,12
-7.348029,23.893219,2248,16
-10.9616165,-15.867027,2251,14
-31.804224,-9.683455,2254,0
-4.384235,-16.84016,2255,12
45.30704,-14.771063,2256,7
4.7178946,40.783463,2262,17
-28.200443,0.15898484,2266,6
21.37378,-1.9770733,2267,0
-21.059267,4.9745717,2268,9
9.076023,6.347627,2269,6
27.901596,0.6620867,2270,7
7.2101874,21.509396,2271,17
-45.752357,-6.189387,2281,12
4.737915,34.566822,2284,0
28.184288,-37.51549,2291,8
0.555741,-9.551235,2294,15
8.853417,-45.16831,2296,5
-3.0992725,-4.778719,2298,22
-17.26402,-38.75886,2299,13
7.0201874,2.9391556,2305,21
20.754362,17.23279,2306,17
-16.474295,33.091053,2311,10
3.8743048,5.3383393,2312,18
21.399555,-37.668636,2313,20
17.050373,-9.478925,2318,11
36.873047,-21.13417,2320,17
-18.60223,11.443264,2321,6
44.042355,-5.2081347,2328,13
-15.584676,9.073617,2329,5
-41.293438,14.7817,2330,18
-21.633245,15.484183,2331,8
-47.425823,-0.77329826,2333,9
7.8219757,-11.679945,2335,13
-17.291752,21.547428,2336,19
-16.058554,19.146338,2337,2
26.005941,10.246451,2339,19
-28.733488,26.891272,2341,3
-10.285826,8.93634,2342,20
13.842283,13.52917,2343,21
7.6427083,-34.32442,2344,5
43.378384,-8.772775,2362,0
-7.0974236,19.851555,2363,0
10.54609,-2.1832774,2366,17
8.4303465,-44.985104,2367,17
0.5201996,22.108637,2368,21
21.143013,23.262863,2369,6
-31.12194,18.263668,2370,18
-14.566755,-19.382755,2371,12
-22.041182,43.250954,2386,12
-22.692778,14.610295,2387,8
-39.941772,10.619569,2388,4
-4.5725636,32.554653,2389,9
-8.471902,-38.650562,2390,1
-19.945826,26.620794,2395,2
39.28241,-14.431198,2399,15
28.446966,2.8390152,2400,11
-3.4762597,-35.83693,2402,15
15.449275,-23.552292,2408,7
17.250607,-20.333347,2409,18
35.77911,19.458252,2410,8
-22.560911,-0.27672318,2412,7
4.375278,24.871042,2413,16
-11.597138,-10.316726,2415,3
1.1200632,-19.403214,2416,2
12.474436,18.986961,2419,22
9.972083,-24.108421,2420,12
2.5432043,-12.169986,2421,3
26.17392,-20.318539,2425,13
-16.194792,-33.629143,2426,14
7.8516917,-26.62612,2427,0
-31.198166,6.7941008,2428,10
-0.2653046,-6.6511397,2429,12
0.2094962,11.466694,2430,8
-2.6397886,43.28779,2431,12
-26.137968,-1.4152491,2433,11
23.793995,-27.690628,2434,18
-2.5138357,28.436157,2435,19
-37.65559,-9.137811,2436,22
20.994465,11.19548,2438,20
-4.1093726,-23.475294,2445,16
-22.701735,-31.059555,2446,9
2.7984374,8.031471,2460,10
33.96738,23.555918,2463,12
-10.797323,-26.280745,2464,0
-11.13447,-21.783522,2483,10
-30.120636,-32.484688,2484,11
-17.956326,2.4656742,2488,17
-12.020343,-1.3633412,2492,1
0.47770035,-31.908823,2493,19
9.063459,-11.423339,2494,7
-8.049953,46.069763,2495,3
1.0886796,-3.5489526,2496,19
-23.31286,24.495718,2498,13
21.68273,0.9738892,2503,1
-28.65476,-16.83292,2504,10
8.427895,10.324715,2505,22
33.461143,12.914585,2506,19
-25.194263,18.606329,2507,20
4.0594726,-5.2204995,2509,5
-35.32745,-2.4911878,2511,18
7.057937,-23.822659,2512,3
10.368177,-6.021783,2513,7
-3.258191,5.5179863,2516,3
-25.0758,38.13795,2518,21
-12.156073,-5.6481867,2519,5
1.6083207,11.998212,2520,22
-14.370982,22.345716,2521,9
6.8117347,-38.589153,2522,14
15.600666,29.712034,2523,5
-5.1871777,-44.11254,2530,13
17.782984,-7.6346593,2534,21
-13.629883,12.215844,2536,9
26.558416,10.326144,2537,20
-14.929709,11.555464,2538,12
5.5361986,4.177828,2540,14
12.643882,6.1873455,2541,9
-1.3245022,22.91606,2551,7
-5.1541777,14.404615,2552,4
3.0573945,-1.7985024,2556,20
0.05553429,0.7131279,2557,21
-0.46009138,14.115618,2558,9
-26.169998,16.532303,2559,10
12.556944,-2.2063746,2560,13
5.50811,8.586443,2561,20
-13.408212,30.646086,2562,11
8.499967,-1.8929117,2571,21
25.75937,31.44524,2572,13
-23.204184,7.4161625,2573,0
-13.504686,0.8000068,2575,0
-32.303192,14.635458,2582,1
-7.4130907,-2.4242318,2583,18
-15.637462,-11.97057,2584,2
-27.063408,12.039653,2586,17
-25.318401,29.456377,2587,22
-12.725434,43.095814,2588,13
-0.24370523,21.275469,2589,4
7.215762,31.98073,2590,17
-2.4448755,42.890026,2591,4
-18.741833,3.344221,2592,4
-17.201443,0.74832255,2594,3
13.953117,7.6481175,2595,18
-7.6726947,-36.404514,2596,8
7.4700594,22.24031,2597,17
-31.997375,-13.236547,2598,17
-12.946501,2.031375,2599,11
10.1299925,-6.2528853,2600,14
27.538239,-39.88491,2614,18
20.59523,21.500652,2616,17
15.31416,-14.246265,2624,15
-13.798332,21.43613,2627,7
28.039165,28.762058,2629,20
-24.864676,-23.45367,2630,14
17.653418,-5.171478,2631,18
-23.89069,23.915298,2632,6
27.600842,-13.601995,2633,16
23.642294,22.395428,2635,10
-25.058414,38.172718,2636,11
19.470907,-11.502901,2640,1
15.03696,-20.871298,2644,16
20.989172,5.053074,2653,15
-2.8344307,17.252302,2665,22
30.5372,-24.518026,2668,15
-2.499546,39.391453,2671,19
8.844395,-7.8562284,2673,6
16.664621,-26.186548,2675,17
-1.5679103,15.337076,2677,11
16.422096,-0.0008868984,2689,16
-2.9318857,8.453594,2690,16
-5.3063054,35.600822,2697,22
26.135105,-25.483809,2713,5
-2.068929,4.4667716,2714,20
-6.4907613,6.570049,2715,18
2.6172266,24.449057,2718,3
-0.17268509,-16.158945,2719,6
2.2836628,16.458961,2720,21
13.821284,-12.887847,2721,0
29.679642,-28.766817,2722,14
22.085743,-18.151655,2724,7
30.765087,21.324568,2727,10
22.343826,13.111779,2728,11
23.730953,-26.151634,2729,0
0.55580825,-36.57206,2730,10
5.4685874,36.72857,2731,19
-5.998389,-7.6546154,2732,15
-0.98374456,24.736813,2733,3
-6.6050444,27.889387,2734,21
-35.980762,14.69524,2735,13
-1.8854456,-37.73601,2737,16
-23.151909,-27.232159,2738,18
17.67335,-3.4413369,2739,11
2.2295103,9.992759,2740,12
40.68096,-22.993109,2741,3
-29.61645,15.251546,2742,0
-1.8157372,-40.221046,2743,14
-11.7857485,-27.049269,2744,8
10.91007,19.181618,2745,22
21.99215,29.324745,2746,19
-37.534645,17.53873,2747,13
-26.794376,-10.855374,2748,12
0.0110441595,32.93243,2749,0
-18.45889,-24.506227,2751,19
-1.314004,-0.07054274,2752,11
-8.87271,-34.005295,2753,12
-25.74707,-16.06091,2755,17
5.0532694,44.59466,2758,9
-16.653435,-28.86715,2759,12
-22.7913,-35.25189,2762,3
-5.404324,-28.277283,2763,15
-39.017017,8.3544,2770,2
2.5680609,-26.560392,2771,5
-39.640778,3.67137,2773,17
-2.6786616,-24.374504,2774,6
9.846519,-27.026024,2778,5
0.384494,-13.184627,2780,12
35.122414,-5.4215374,2781,21
-41.14584,0.62789583,2782,21
5.5334015,10.848443,2783,16
27.50207,-0.5264827,2784,7
7.941536,-11.874692,2785,15
-46.019924,-15.938942,2786,14
-18.547825,12.921093,2787,10
23.523912,14.989673,2788,11
-18.933634,-21.651312,2789,9
-13.1687,35.248806,2790,0
-41.516582,-12.835929,2791,20
-18.623611,-0.8639568,2792,20
37.276924,-27.439474,2793,14
-23.29329,-35.309563,2795,6
4.694804,24.595476,2796,18
30.967934,-17.66785,2797,19
33.650066,9.559623,2798,16
25.538313,-17.615816,2799,7
-0.24146414,-16.551376,2800,10
14.457908,-34.191936,2807,6
-22.41545,-20.103367,2810,20
3.2594705,19.207882,2811,21
-4.1445436,-10.585843,2812,16
-19.39224,-11.637835,2813,12
28.808113,19.7208,2817,21
0.670012,-8.129603,2821,22
-2.7250242,-15.123732,2822,13
-4.326706,12.808509,2823,10
19.915035,-18.03673,2824,0
38.816513,4.247498,2825,3
16.052591,35.62344,2826,0
-17.010149,31.253464,2827,7
5.9292946,20.818674,2829,9
12.950222,-21.014793,2833,6
11.51224,5.069525,2834,1
-2.9190352,2.0531404,2835,12
-29.948544,-10.07322,2837,10
-20.53124,21.60937,2838,18
-8.234607,1.4297389,2840,4
16.967798,41.164337,2841,21
-0.95322573,-32.731106,2842,5
27.071476,-22.830654,2843,14
-1.6322722,-40.40066,2844,11
27.982647,6.390447,2846,7
-30.040255,-11.560297,2847,10
-23.356255,13.206837,2850,16
32.32575,-22.73294,2851,17
-19.574753,-10.920976,2852,12
20.380724,32.67159,2853,1
24.222118,19.055252,2854,21
-18.348078,-27.43813,2855,14
-13.632137,14.572591,2856,19
-17.554646,21.574833,2857,11
15.322343,-16.10247,2858,6
-23.708954,17.928568,2859,10
1.2170327,12.209534,2860,8
-6.9629345,-20.491203,2861,5
-6.88599,15.947148,2862,6
2.2665584,35.907387,2863,0
1.1670315,-2.3778887,2864,22
-21.091116,-35.114666,2865,7
23.692924,-10.57156,2866,5
-22.009344,6.272884,2867,3
22.399551,41.22991,2868,10
43.035698,-9.817985,2870,14
-5.9754133,-7.095622,2871,7
-19.789616,16.736044,2872,18
1.9731146,28.237238,2873,19
-4.9762673,24.801199,2875,22
26.34812,32.317154,2877,18
29.461937,22.580929,2881,10
-8.866409,11.592313,2882,4
-36.13587,28.62015,2884,11
27.158318,-10.743465,2886,13
21.444613,-24.65667,2888,2
-4.2275195,15.44689,2890,18
-9.651537,15.579959,2891,16
17.731611,27.960606,2892,13
-18.569967,30.47235,2893,19
-18.986498,6.2182956,2895,21
19.103792,-26.006786,2896,14
15.426391,34.10543,2898,13
-14.547173,8.282903,2899,12
-26.595085,7.019988,2900,12
-2.0439885,-33.95203,2902,14
-3.4180303,7.224934,2904,4
-10.188182,-29.825409,2906,18
5.212127,0.503814,2907,3
13.38032,6.3339086,2908,17
7.55551,38.26398,2909,19
5.5620246,12.987778,2910,19
10.841205,-4.568662,2929,3
21.653076,-10.251376,2930,16
23.324837,-6.7450233,2934,0
-17.47603,6.7967896,2937,12
-23.576012,-29.928175,2940,18
11.741606,-34.043655,2942,5
-30.258705,6.635137,2945,12
-42.77688,10.702917,2949,12
7.743228,-35.005955,2950,15
-34.586998,-12.356247,2952,17
-6.314187,16.34569,2953,1
-12.409206,-21.733547,2954,9
21.880545,-4.3644967,2956,15
24.439114,24.276628,2957,10
26.527712,-25.710375,2960,1
-4.0998874,22.487993,2961,16
1.5960974,4.724186,2962,21
-13.5126505,21.424911,2963,18
8.178737,12.4249,2964,21
-38.05935,17.766829,2965,17
-10.928445,-5.201877,2966,0
14.628374,-11.3896475,2967,9
-10.995842,-20.671432,2968,11
21.633373,-12.464187,2969,1
25.050488,14.843947,2970,4
-15.03368,-16.912851,2971,4
24.23301,14.830887,2973,11
25.906624,-11.116086,2974,12
21.231548,-4.687775,2975,0
13.889861,-26.606813,2976,21
-35.881702,-10.009155,2977,21
-0.29036266,-19.634525,2978,12
-21.551125,-17.098999,2979,10
-27.617302,1.5350221,2980,6
43.31672,-9.342635,2981,7
8.850797,31.052717,2982,8
36.84667,-16.983013,2983,10
-3.9498456,-2.1230905,2984,2
-44.552597,16.533049,2985,1
-15.270419,-24.670464,2986,18
-28.398924,5.8210773,2987,2
28.451233,-37.274628,2988,10
-34.490753,-17.761444,2989,15
-16.880316,-16.25767,2990,5
-42.442425,-9.201508,2991,22
-23.83246,-9.138833,2995,1
15.586591,-14.233916,2996,6
31.502758,0.6883586,2997,12
29.706032,-28.097343,3000,14
-5.7406564,35.98084,3004,19
-22.03701,42.34202,3013,4
3.151306,19.117638,3017,21
-22.724083,-30.792112,3018,1
-4.313481,40.229256,3019,17
-7.7808857,9.046948,3020,9
16.226274,-19.385601,3021,19
-9.923519,-18.2163,3022,8
17.442348,-12.193707,3023,9
24.385454,27.344995,3025,1
-9.723214,1.7424585,3027,5
-4.9165635,7.0127106,3029,9
-17.671675,-2.342877,3031,5
-5.5004997,13.800134,3032,21
-15.052563,-16.818321,3033,5
24.00034,0.17188147,3034,16
-12.447615,-11.463998,3035,9
-3.4622982,32.294933,3036,22
7.447858,-18.146378,3039,21
19.912792,3.5794737,3040,2
14.219275,18.194822,3041,17
-3.2636402,-20.074266,3042,10
-22.283205,25.125605,3043,19
24.041935,40.225426,3044,6
-44.29319,4.478579,3045,14
-9.877452,-27.64348,3051,13
-18.693138,11.79049,3052,4
-35.65768,-21.851427,3054,18
-23.889471,-2.5663047,3064,15
-21.28233,12.194707,3065,18
13.772965,11.0829525,3067,12
-3.6253414,3.4075253,3068,18
-0.0383395,1.0842334,3069,22
11.130639,-8.902878,3070,8
1.7319533,-6.5409946,3071,13
25.607334,31.021244,3072,7
3.1496027,-8.5727825,3073,14
-5.3214107,4.2957554,3074,3
10.84337,27.35923,3075,15
-16.217535,-32.917233,3076,5
32.20052,28.610518,3077,10
-16.348087,11.211171,3078,19
10.078536,-27.293201,3079,21
-29.637049,-19.675047,3080,19
-30.370453,3.155642,3081,22
16.123652,-34.632305,3082,5
16.49119,-9.600846,3083,20
-7.7448378,-1.7557327,3084,12
-25.885592,-15.418573,3085,7
19.82806,14.786714,3088,16
38.633976,14.513273,3089,7
-8.251451,-0.89546955,3090,19
-10.729142,31.693668,3091,2
29.064312,-13.851245,3093,2
-10.998893,-13.664187,3094,0
7.3935766,-5.959745,3095,9
1.7776201,-38.865208,3099,22
-21.35035,-2.9786572,3100,8
11.492235,45.825428,3103,1
18.374866,21.397503,3104,22
-7.185061,-4.238952,3105,14
6.228374,17.151567,3108,12
-4.701877,-28.586277,3113,15
-6.2575755,-26.760857,3116,15
-29.663322,-27.178936,3117,3
-12.125647,7.4437785,3118,11
-7.016805,-8.555908,3119,13
9.140532,35.244797,3120,7
32.425663,17.849543,3121,4
16.751934,-3.2756994,3122,4
6.8397937,8.787576,3124,4
42.564842,3.037112,3126,16
-33.240833,13.980979,3129,1
18.571114,35.591717,3132,8
-18.790485,24.244366,3137,13
0.15724702,42.54776,3138,17
-27.219313,23.27942,3144,10
-30.77491,-2.1150625,3153,20
-13.293173,15.347702,3158,12
-17.965906,19.105478,3162,3
-20.391048,19.908695,3163,22
29.46003,8.1260395,3165,15
-18.228636,-21.932745,3166,16
-15.226106,-12.415405,3167,11
-5.997076,-32.068058,3175,6
-37.41697,-24.367525,3176,4
-5.9087677,29.758953,3177,17
-6.142347,-10.434815,3178,2
32.885002,-15.514532,3183,20
20.625225,-24.033133,3185,16
-2.0593004,-35.6872,3188,14
23.219624,8.191983,3191,16
-4.008314,23.338442,3192,1
-2.799669,-2.875565,3203,7
-33.46629,12.0070095,3204,22
18.985596,-14.870971,3210,6
22.212572,-18.97371,3213,0
-11.136914,3.4228415,3215,5
21.038513,14.859457,3216,11
14.495322,-3.720933,3217,11
-11.865127,-24.637333,3225,18
13.583018,-30.899868,3226,6
-10.776759,12.041589,3227,4
2.834385,-15.210826,3228,9
-26.405815,-10.992748,3229,0
-8.558399,18.293058,3230,15
-27.137325,-3.514504,3231,11
23.478233,-29.356525,3232,4
-39.657906,3.7969398,3233,5
-35.477104,-13.287923,3234,3
-0.57730985,24.043205,3235,3
-32.84233,-21.83942,3236,11
2.5090039,6.054024,3237,10
19.837446,6.1939807,3238,6
-4.3816233,26.723185,3239,16
-6.5249968,16.323013,3240,21
-8.700754,18.26594,3241,1
-17.167538,-24.840229,3243,12
19.810104,-9.057806,3246,20
-13.578719,-24.553043,3247,19
-16.673283,32.919544,3249,7
-12.981923,-0.711082,3253,13
-29.238712,-14.35111,3254,15
-12.813384,-30.954605,3255,9
30.299263,-31.260424,3256,9
15.201281,1.6465818,3257,0
-35.043636,-10.0921755,3260,5
-20.736328,21.215147,3261,18
-13.818486,25.143927,3262,0
7.3381414,-9.569358,3265,8
-12.481973,19.15331,3266,11
-7.7484627,12.926399,3267,10
-16.063967,-20.88732,3268,12
-15.178842,29.283451,3269,7
13.777719,-0.27480868,3270,13
-25.74488,22.4044,3271,10
-36.07564,17.018345,3272,19
-22.7365,13.505429,3273,8
-15.30951,1.5922155,3274,18
-10.80128,29.373629,3275,21
-31.744534,-0.29364306,3279,21
7.3134155,3.689776,3280,18
7.0483704,30.452871,3281,17
-15.157833,-33.32261,3282,19
-27.01837,-12.177259,3283,10
42.97962,4.633152,3285,0
-13.238355,-12.553999,3292,8
-7.173742,-41.73661,3294,20
42.62542,23.006485,3295,9
-21.932247,-17.597797,3299,13
33.113308,10.367305,3300,22
-33.4055,26.531553,3304,20
13.224178,-22.430716,3305,17
2.6189713,-40.130825,3307,5
19.577385,26.204653,3308,21
-0.7785219,35.9301,3309,0
-28.097336,12.256999,3311,19
-2.7759533,-1.3830526,3312,20
-27.735289,2.0355246,3315,11
6.7297254,-23.771988,3319,15
28.38993,-20.725636,3321,0
14.287675,16.277544,3322,17
20.490309,-20.957567,3323,8
-34.237362,0.7754209,3329,3
-24.408154,32.884438,3335,21
-6.9112167,31.502544,3339,19
-1.3444872,-2.268105,3342,6
1.5977483,-21.956318,3345,18
-3.4999375,-40.930008,3346,14
-31.477825,10.310548,3347,20
-21.890812,-19.437193,3348,19
-1.7865413,-32.64502,3349,13
7.935605,-14.509914,3350,14
26.99092,-26.896442,3351,12
9.579102,16.194517,3352,22
-40.8947,15.511904,3357,1
-5.021922,9.430864,3359,16
30.642557,7.1116123,3361,21
4.042206,23.275864,3362,16
31.756622,20.76445,3363,0
18.069157,-20.776308,3364,5
34.664608,26.760197,3375,20
33.179916,-36.1725,3376,7
25.579214,-31.799932,3390,8
26.728079,-4.879767,3395,13
12.1149845,43.38815,3396,6
-31.458776,18.992785,3403,19
-26.24833,-29.993614,3404,11
-6.3356686,12.732383,3409,18
23.233099,-3.3713124,3421,14
-15.323895,20.179909,3441,19
-26.507904,-7.1188493,3450,20
-30.073046,11.2271185,3452,3
-5.3930583,-15.069591,3453,20
25.064117,2.2916434,3456,16
-5.9253736,-0.54463065,3458,19
20.619957,-7.4535923,3459,13
38.643387,8.754683,3462,0
9.976978,27.184357,3476,15
10.794391,13.263115,3477,9
18.789627,34.961067,3478,6
9.659026,31.969223,3480,13
9.029381,-38.848984,3483,11
-8.21433,-8.707463,3485,15
-29.246178,-27.04621,3487,3
17.062487,-43.137657,3497,2
9.30437,4.7576766,3498,22
13.8519125,-25.524872,3505,1
31.538454,0.20375383,3510,22
37.60405,-5.5587296,3517,9
-4.107352,-8.595292,3520,16
33.343616,-6.5122113,3523,21
7.952005,27.446552,3524,12
18.750965,20.700031,3525,19
-25.662798,13.160528,3526,20
1.5725093,-4.5407076,3527,5
20.398863,12.1297455,3528,20
-1.4562184,4.025162,3531,18
24.137224,-2.0547416,3536,0
-0.29104075,32.76696,3537,15
-14.445609,25.257149,3543,20
5.302288,7.433547,3544,6
-27.546217,8.843655,3546,5
19.761427,-14.12564,3548,6
-14.187699,-4.8763795,3549,18
-5.669084,-19.710224,3550,5
-25.263916,28.932093,3551,15
13.32309,-12.556048,3552,7
6.450259,13.601003,3553,19
22.375402,-2.7181716,3554,20
29.25877,-29.779179,3555,19
-21.133682,26.334293,3556,16
38.34102,-20.801409,3558,1
4.5517488,-37.09223,3559,17
-14.714297,34.517406,3560,7
11.946547,-1.2803773,3561,1
-16.65552,-0.121276915,3562,9
-28.240833,-26.538307,3563,6
-17.11316,-13.314867,3564,11
15.881525,-28.961973,3565,21
8.747289,19.832436,3566,1
-5.46923,46.288097,3567,3
-15.8068,25.341532,3568,5
-2.448848,26.989548,3569,19
-8.444428,-0.018335342,3570,22
-41.52046,14.252111,3571,22
-24.410318,-9.089835,3572,15
-20.254097,2.0045478,3573,6
14.531235,-1.4722253,3574,17
26.610634,3.5829737,3575,12
-0.8772374,6.8192806,3576,1
12.975808,5.95537,3577,18
0.10859968,-10.972147,3578,17
1.2059133,19.90799,3579,3
10.081451,-46.02701,3581,0
-2.4474232,20.332964,3582,18
-10.551133,-16.825006,3583,22
-11.815213,6.3794146,3585,10
-34.878418,24.019081,3586,17
37.24715,-11.238298,3588,6
22.00033,29.323298,3589,22
37.397114,-15.602784,3590,19
-5.330586,-37.467365,3591,17
22.9003,11.29553,3592,16
1.4348313,18.662472,3593,10
23.847383,-3.0372927,3594,1
-14.382142,-19.46899,3596,5
-0.27402622,-0.4671209,3597,1
5.39294,19.020313,3598,15
-25.320425,27.502705,3599,22
-17.944534,6.751929,3600,9
-20.63028,-39.84971,3601,14
25.269987,11.13261,3602,3
-17.222399,-40.184864,3603,8
-8.394337,20.587015,3604,5
-2.6203532,-29.128971,3605,11
-11.758905,-24.701975,3606,10
-5.7117057,-24.327494,3608,0
-7.0074463,-13.498077,3620,19
4.4413157,-38.86829,3621,5
-20.50764,18.816614,3624,20
21.962893,3.1174529,3627,0
6.286549,17.050344,3632,15
-48.21914,3.9113934,3633,21
-27.62265,-21.212967,3634,10
15.829682,-36.056103,3635,12
-28.010078,3.8084602,3643,17
-18.975908,3.2571597,3644,4
-13.076526,-8.880285,3646,9
-32.66697,15.142874,3650,3
-3.8058536,-7.4115553,3651,0
-4.7415257,19.849985,3652,6
10.789495,13.695072,3653,9
-26.837957,-8.094258,3656,3
31.45584,-5.4007187,3658,2
11.899764,-29.2829,3660,15
-3.3702753,-1.518378,3661,1
15.518363,5.822319,3662,13
-35.542637,10.361966,3663,15
-23.717836,32.957355,3664,22
17.393576,23.603704,3667,9
3.6889725,-28.142128,3668,10
-9.780611,-22.38429,3669,14
15.596567,-40.6029,3673,4
2.5792606,10.14702,3674,10
14.94361,6.5305076,3675,18
26.46783,24.410892,3676,7
19.019535,-19.08197,3679,7
-26.338963,-20.884035,3680,9
4.65165,39.580154,3681,19
16.61801,0.06727793,3682,8
-21.55531,-30.529238,3683,19
-2.6050074,-12.387137,3684,14
-14.568384,-32.206554,3685,7
-19.174074,9.034861,3686,17
15.513744,29.476875,3687,15
-8.208079,8.490624,3688,10
-11.454958,-3.4679914,3689,1
25.875488,14.335909,3690,9
10.158878,23.44578,3692,2
-3.7882926,36.66233,3693,21
-14.709627,6.2888083,3694,1
-8.930615,-6.7899837,3696,6
-5.052533,-31.246874,3697,20
-20.140203,-6.8669925,3698,20
3.9206495,-16.648115,3699,21
-22.208576,28.437252,3700,22
17.699633,10.225308,3701,21
6.3265967,-14.412794,3716,14
-20.18852,-8.964134,3721,22
9.961074,-44.66127,3722,7
-42.994133,-10.04443,3723,22
-8.398818,24.00442,3724,2
5.0912423,-21.26213,3726,8
-24.647434,-22.14545,3727,9
-32.845917,16.458584,3733,22
-14.976901,-5.233879,3735,3
22.04355,9.056828,3736,11
21.643383,-14.517265,3738,1
30.674494,-2.8334942,3742,7
16.425856,27.020273,3748,21
20.665146,-20.00572,3759,8
-19.721487,-14.375257,3764,0
-1.6855273,-36.087513,3766,10
-26.195772,16.36517,3768,2
31.954376,-7.2574563,3769,17
-6.7894692,-5.0824666,3770,20
0.017816596,-6.853462,3785,13
10.396844,3.038279,3787,14
-7.707938,12.830429,3788,10
40.360962,-19.37617,3791,7
-3.4194853,-22.51068,3801,1
27.76077,-22.247993,3802,14
10.60602,0.5965935,3803,4
10.575229,-22.874754,3806,2
-2.026252,10.3912945,3810,11
35.969906,18.318007,3812,21
-9.145705,3.0280178,3817,19
-25.70784,-19.491898,3818,22
-20.75985,36.483673,3823,7
-16.045456,14.553926,3824,6
17.968296,-31.334442,3828,11
-6.0670614,29.822365,3829,19
-18.360018,15.215825,3834,18
1.2240872,14.274416,3836,17
-33.647232,19.623894,3837,19
0.9906892,-12.94591,3840,7
-29.52461,-32.578968,3853,6
-28.379921,33.370216,3854,13
-10.887053,-45.358078,3855,5
-19.546741,6.9929132,3856,12
-16.019777,-6.5702467,3857,18
-20.144705,19.86448,3860,22
17.834599,27.37005,3861,9
37.705776,-5.511085,3862,9
8.200991,-30.181591,3863,12
-9.176389,-4.2057724,3864,3
29.17122,29.964602,3866,1
-12.072558,-36.97284,3867,5
-12.018498,24.97828,3868,0
31.347149,-22.513783,3869,19
10.524009,-23.4533,3870,0
11.484843,-19.193674,3871,22
-37.16577,5.708974,3872,10
2.4457407,21.79202,3877,21
10.88968,12.384174,3880,0
-37.4287,0.20072865,3881,17
-14.050028,27.29146,3882,20
-5.3274126,1.7971671,3883,12
-6.6565804,4.175871,3884,4
44.56375,-4.306821,3885,5
-7.550963,-29.218475,3887,15
-31.64101,7.723394,3888,3
3.3640485,2.1658764,3890,22
29.014235,-5.8782783,3896,9
4.412422,0.43124285,3897,14
-8.257865,33.43586,3898,19
30.906672,-9.795589,3899,8
34.260143,1.295573,3900,13
-2.3046868,-11.344281,3902,16
-6.657747,25.795383,3903,2
30.475325,-17.305021,3907,4
14.302979,-18.721363,3909,4
6.0038476,-9.5535965,3911,21
-4.4799843,-17.191725,3912,12
-24.595852,-18.506351,3914,19
-18.661707,15.973648,3915,18
-6.0176954,8.113593,3917,20
26.746584,22.229233,3918,12
13.585878,-21.545012,3919,5
2.335371,37.076405,3920,2
-15.164904,13.998021,3921,4
35.130695,6.9993777,3922,2
-26.728086,2.4535835,3924,17
-28.79791,-10.240147,3926,8
-3.4067714,3.306805,3927,20
10.886544,-8.442703,3928,12
40.148884,-8.69282,3930,7
-17.72736,27.26513,3931,18
-28.482248,12.702923,3932,20
7.6590624,6.7870655,3933,7
-12.120044,42.408726,3934,22
29.21677,19.775284,3935,21
-0.91838586,30.4698,3936,8
-1.3940223,-1.8482859,3937,2
-23.185602,-3.5919073,3938,5
9.788642,-26.968124,3939,10
22.232525,-15.220896,3941,1
10.683147,10.755675,3942,7
1.9467312,32.53069,3943,16
18.297403,12.542979,3945,6
14.308371,32.365326,3946,8
17.689175,5.327504,3947,16
23.387226,40.64737,3948,9
9.758514,-9.955881,3949,3
-0.68517107,-22.654875,3950,0
2.6375568,-42.82291,3952,7
-15.356666,2.8865435,3953,21
-3.6298468,-6.403478,3955,8
-7.098816,20.49563,3956,0
-8.829449,1.2966901,3957,9
35.804394,27.067055,3958,14
-8.695056,40.12348,3959,1
-29.099482,-31.053387,3960,5
21.106201,17.477602,3961,17
-21.256826,26.60903,3962,17
7.5653834,23.88725,3963,1
-40.56648,28.10177,3964,20
-47.28053,-0.6329877,3966,18
-9.237088,-8.236115,3967,20
-14.209814,26.459806,3968,2
21.884958,-26.392347,3969,8
-15.785968,-25.916252,3970,12
14.224806,-32.036137,3971,18
38.251953,0.3252267,3972,21
28.098593,-18.760221,3973,7
-1.7253368,35.48119,3974,2
3.7256477,12.375262,3975,21
34.16897,6.1737404,3976,20
25.22733,6.007245,3979,15
7.2578692,9.36708,3980,3
-36.35843,21.41868,3981,0
-30.799545,7.415574,3982,3
11.503221,-36.751762,3983,7
10.392028,-21.610897,3984,18
19.875963,-28.83157,3985,12
-9.349361,-4.037833,3986,18
20.319675,5.1420717,3987,6
9.490863,-33.89621,3988,21
-4.4856863,-0.42766717,3989,9
-35.985046,28.034649,3990,10
-39.16673,-4.7702556,3991,6
-10.245465,-18.267063,3992,12
-8.703536,30.95719,3998,22
12.985715,24.356071,4000,19
-43.075638,23.241394,4002,4
0.81311995,9.1802,4003,10
-4.051086,16.228579,4004,16
-10.6277,-44.92675,4005,5
-22.759048,-8.218148,4007,1
40.88765,-3.2224245,4009,4
-14.650243,11.565273,4010,12
-25.007086,7.8324633,4011,9
17.203747,4.6610575,4012,21
10.833309,5.2163014,4013,14
19.778648,6.7026296,4014,9
23.34468,33.473076,4015,8
-41.599415,-12.73011,4016,22
-27.5456,8.296379,4017,2
24.745775,27.31189,4018,21
-21.839384,-40.587875,4019,18
-16.612957,-16.327421,4028,17
5.898765,-6.5409575,4034,8
-32.795734,-24.025385,4035,18
16.287516,-25.028093,4074,17
-2.0953782,-31.377565,4075,6
11.670128,-9.041163,4076,2
28.149166,13.0833435,4077,21
9.451319,-20.499987,4078,14
6.460253,-15.709847,4079,21
-14.839841,3.759193,4080,18
28.075537,27.04734,4081,4
-23.79923,11.011478,4082,20
-16.823954,-12.368174,4084,5
6.6754055,-20.59278,4085,14
-28.043533,-23.694275,4086,9
44.139347,9.7085495,4087,21
-15.955161,15.111646,4088,22
15.4808,26.764786,4089,21
-14.433257,-2.1436117,4090,18
4.6151786,-31.19209,4091,8
-14.064615,-29.149122,4092,15
19.60221,10.300197,4093,14
13.022647,29.86957,4094,2
19.697721,36.15337,4095,4
16.981005,-1.9834971,4096,4
-2.5614038,-15.808177,4097,18
5.366715,5.4252234,4098,20
-9.539664,-25.615736,4099,5
19.927843,-8.728568,4103,17
28.575647,-3.0886786,4104,14
2.6980486,-22.638237,4105,13
13.897943,20.55965,4106,2
-3.0645576,12.662861,4107,19
-2.7526424,-5.272959,4108,22
-32.167015,19.808353,4109,7
-12.458824,10.047653,4110,18
-9.686828,6.3902855,4111,16
-21.7169,8.946962,4112,16
2.7406964,-34.0114,4113,14
-29.482048,18.448357,4114,2
35.37351,-12.609359,4115,0
-12.182085,-5.802953,4116,18
-4.3922343,26.697958,4117,19
-21.13083,-10.623387,4118,12
0.77798,9.600099,4119,18
-16.085867,17.713291,4120,4
36.625957,-10.222447,4121,8
-13.155783,-18.900406,4122,17
2.9388742,35.868347,4123,4
-19.996845,28.457172,4124,5
-14.566798,4.3866134,4125,22
5.4670134,10.481164,4126,16
-6.8097563,-25.8425,4127,12
13.01412,1.7057317,4128,3
33.202938,-36.147533,4130,14
-21.832973,-15.733959,4131,10
30.06809,8.691466,4132,19
-0.54021204,19.03216,4133,3
-2.2146826,0.96406436,4134,11
6.455077,-4.680642,4135,14
-2.9287229,-20.24488,4136,9
-1.0140418,3.6293924,4137,3
20.43812,15.439735,4138,17
1.539311,15.809897,4139,9
21.716991,-0.011291803,4140,19
-3.3768582,32.0778,4141,16
-20.786308,36.3436,4146,17
-17.661705,-2.233704,4155,17
12.236624,-27.702469,4158,9
13.728019,13.6448765,4159,0
2.3693712,22.567352,4164,16
-36.315174,29.763983,4167,6
10.820081,16.709469,4169,7
12.364076,6.8112645,4172,0
-7.043734,-17.30653,4173,5
-6.164048,36.246464,4176,5
-15.195869,-28.201195,4177,12
-17.512753,8.103793,4178,12
-40.578625,28.09489,4179,20
13.911946,3.5622852,4180,11
-34.463238,7.8428845,4181,18
20.134678,-5.027593,4182,4
-35.27348,-17.935509,4192,11
8.178415,33.8579,4193,13
13.003513,24.545351,4194,8
-2.404182,12.422874,4195,9
19.7784,3.4607928,4196,4
-11.827618,42.106525,4197,20
22.504421,5.639378,4198,11
-9.621149,-22.82274,4199,11
-2.5998645,13.5362425,4202,12
4.2130547,-10.218757,4203,14
-38.38793,-11.998771,4204,3
-11.440427,24.043776,4205,17
21.363146,10.631576,4206,7
44.651764,15.048771,4207,10
-5.9967136,4.312781,4208,3
-6.3673315,22.713802,4209,12
-25.202154,-30.070896,4210,4
-30.556318,24.920717,4211,18
-13.126703,-7.5548897,4212,9
-10.718161,34.39825,4213,4
11.867952,9.010264,4214,20
-5.19632,1.9955214,4216,4
5.9731503,-3.3968258,4217,12
3.7095225,-10.006204,4220,17
6.0525947,25.273878,4221,18
-12.626361,17.578318,4222,19
-40.713802,15.784918,4223,17
9.248302,4.559113,4224,21
25.374348,6.0423665,4239,14
3.282747,-7.802879,4241,5
31.277163,14.649757,4242,5
-33.143684,8.365204,4243,18
6.430129,43.589436,4245,20
-22.335907,-4.744757,4246,2
-14.954731,-22.967028,4247,12
-1.5980339,28.991653,4248,19
9.699101,8.772538,4250,7
-24.87558,31.805206,4254,21
2.4358268,-39.024563,4257,10
-17.880844,17.151875,4258,22
23.944042,-8.444256,4259,13
34.597733,-20.158192,4260,7
-13.534955,44.080826,4261,21
8.1457815,-25.953142,4262,9
-0.5308704,-28.845406,4263,18
27.212065,-1.3201898,4264,12
-7.497046,-24.152014,4265,13
7.314271,-2.4271026,4267,21
-10.620467,29.563984,4268,13
-16.748758,31.473928,4269,10
-12.2171955,38.732014,4270,3
34.98173,-1.7958446,4271,17
-6.4998674,22.758718,4272,9
-4.8668213,-25.61273,4278,6
30.330359,7.4097066,4279,7
29.823067,26.50644,4281,21
5.5630007,-0.5724984,4289,16
-20.218414,8.234941,4290,12
-23.772636,21.137129,4292,4
15.837068,-9.620335,4293,18
-35.925385,16.92935,4294,1
-28.198996,33.986885,4299,13
-34.341637,-21.59833,4303,18
9.285386,-16.745564,4304,16
24.301313,8.516299,4305,21
18.51557,-1.7656469,4306,11
-22.58605,-4.391222,4312,18
-12.778359,-16.07122,4314,1
29.081158,-13.690422,4320,10
16.084503,-17.67035,4321,6
11.699308,-31.379734,4327,5
3.576378,28.624847,4329,4
-10.415352,16.261324,4333,18
-13.461878,-18.879496,4334,17
7.307454,17.402634,4336,1
-23.689579,-5.7135124,4338,22
15.362704,9.354403,4342,0
-20.865818,-36.312843,4345,7
-23.730574,-28.990559,4346,1
19.057554,17.25334,4348,4
26.054394,-27.297636,4349,13
8.812463,14.207547,4350,0
19.70788,-17.019512,4353,0
36.03681,24.254616,4356,4
-13.787639,-26.44263,4363,15
-0.29954875,28.49867,4364,17
27.241707,26.851261,4366,1
-36.922504,-5.6543064,4367,6
4.6256313,-23.264345,4373,13
44.1569,9.716808,4374,21
-15.138826,-5.649465,4375,15
-4.7571836,-39.972485,4383,16
-2.534088,9.581523,4384,12
-5.643266,-3.5888166,4386,22
14.440511,-11.653017,4387,9
-34.668503,-9.188234,4389,5
3.3294466,11.7847185,4390,15
-32.64372,-5.2665987,4399,17
-2.471837,-28.510609,4404,13
-28.692896,7.5411687,4406,2
0.7861954,5.8024516,4408,4
25.495083,14.6785,4411,21
0.3456497,39.253094,4413,0
29.006712,-36.71291,4414,5
22.212765,-39.33966,4415,10
-0.05214092,18.66133,4417,17
-28.395031,2.773141,4423,11
29.687813,17.154503,4424,18
31.63161,-17.397562,4425,20
4.968647,-18.38102,4426,21
-4.755213,-35.464825,4427,3
-30.185352,-9.334774,4429,3
21.516157,-20.181501,4431,21
2.6001556,-0.26724792,4432,5
-12.138515,10.460564,4433,4
-31.694979,30.027695,4434,6
-4.258185,-31.235611,4435,7
-15.493798,-9.353772,4436,16
9.533766,-16.094334,4437,16
12.291278,9.095196,4438,0
-4.7428145,-30.878197,4439,11
-18.91946,0.2522446,4440,12
-14.927194,-11.025956,4442,5
10.93246,22.387413,4450,22
-43.635967,8.249064,4451,5
-2.452061,-24.267183,4459,2
-12.386742,14.826211,4460,10
17.255194,-33.791138,4461,14
-43.179794,11.367912,4465,6
25.739918,1.6399577,4466,8
2.7136953,-25.523354,4467,7
-2.5124505,20.6462,4468,1
47.28284,6.672067,4469,9
10.782253,43.219627,4470,17
-10.058129,9.164094,4471,4
-13.670305,-17.946733,4475,0
-25.721844,-6.514427,4476,10
-13.618673,-3.8741078,4477,5
-1.5055525,15.436348,4478,15
-16.151634,3.056993,4479,5
16.939678,-17.051327,4480,6
31.20549,-15.196375,4481,9
18.791157,-15.168861,4482,14
-37.442375,1.6619916,4485,17
20.223242,16.719637,4487,14
-11.926839,-40.01759,4488,3
2.8246663,-34.268414,4490,8
-0.6746537,-22.623938,4496,17
5.4063926,27.492443,4498,2
-35.215477,-2.5743914,4499,21
-2.722026,-7.220469,4500,14
-22.933601,-26.601374,4503,7
-1.5339622,7.1373496,4504,10
-1.9890332,7.674942,4505,10
-19.134678,-3.3559027,4508,11
-2.5960443,32.814293,4509,6
4.7925,44.980297,4510,8
-28.947592,-36.662685,4511,10
-11.362056,12.926786,4513,4
5.4436946,-10.976547,4514,14
18.36325,41.182663,4515,10
26.098402,-28.782738,4516,18
-4.515806,-35.605755,4517,18
17.437456,-34.43543,4523,5
-8.259202,46.09898,4526,1
16.971,24.936037,4528,8
-20.385237,7.9411273,4530,6
31.596228,6.0516334,4531,19
-24.186028,8.719957,4532,10
-19.03457,-32.02351,4533,3
-15.892655,11.486842,4535,5
2.4295065,-44.902008,4537,15
27.66145,6.272313,4539,19
8.474388,9.664814,4542,17
-0.5037542,-28.702425,4544,0
24.894909,31.278286,4552,13
20.370947,-2.5513124,4554,12
16.563238,3.4790633,4559,4
-32.04379,20.589317,4560,7
9.178038,27.392282,4561,1
-23.989216,-11.532678,4562,22
9.074025,-20.655186,4577,8
-41.72451,-18.443687,4579,5
-38.09401,-20.148054,4589,1
-20.249374,-16.544283,4594,2
30.529314,-11.22576,4596,2
11.47649,28.7297,4598,17
-10.55739,23.296946,4601,1
17.912683,-31.551586,4603,14
-3.41307,22.454056,4605,16
-0.6812916,-32.7777,4606,5
25.267181,-3.2067635,4609,14
-20.483515,3.325741,4611,14
-23.684673,-22.597588,4634,9
-11.752086,34.88145,4635,10
28.975933,4.1168113,4638,21
-3.2637408,-13.630743,4641,1
-26.02333,-25.58315,4642,5
12.694202,16.893612,4645,12
-6.800703,6.724758,4648,18
6.9120145,-36.30717,4649,15
-7.8559794,29.06173,4650,22
-2.3615541,-47.372555,4651,18
3.9591346,-10.463839,4652,7
-27.28347,30.378696,4661,15
-11.169439,27.675653,4662,9
-28.69949,-0.57715756,4667,11
18.811174,1.2676505,4668,0
-32.01016,-6.813558,4671,1
8.9319725,39.221245,4672,4
22.734474,-13.0226,4673,16
-28.954916,-36.64007,4674,0
-32.827396,32.134983,4678,6
4.825215,-13.710574,4681,14
-6.380638,41.23653,4685,0
26.42491,-34.758614,4686,14
10.060538,0.04755565,4687,2
34.656998,-1.8818924,4688,1
-15.721181,19.562283,4689,19
19.653204,1.8920146,4690,21
31.029774,-24.089668,4691,16
0.7350584,-21.082537,4692,18
7.9920015,16.610136,4693,17
3.9922652,26.082561,4694,18
11.840122,8.132724,4695,14
32.520264,-2.6732283,4696,16
-11.23388,27.591452,4697,21
10.649508,39.449528,4698,16
-4.661755,-24.089773,4699,2
27.016468,23.48431,4700,10
17.3715,-36.57971,4701,10
-18.696238,15.888934,4702,2
9.81707,-31.316332,4703,18
7.6374993,2.4887402,4704,3
24.561295,-15.663074,4705,5
-11.997511,-28.687258,4706,7
-0.4419058,13.343873,4707,13
-8.965617,-18.622255,4708,22
23.53976,-0.82529587,4709,3
3.218361,7.843114,4710,3
12.133454,0.11835097,4711,11
-12.132789,22.402855,4712,18
21.143421,-1.337368,4713,14
-21.76167,9.155424,4714,17
6.5423236,-3.4166644,4718,20
-21.946344,-19.638838,4720,18
-32.123264,-6.578057,4721,11
40.788406,10.019704,4722,12
11.612653,3.5322268,4723,0
27.958973,-27.230827,4724,6
-22.1657,12.623265,4726,10
-4.524787,-20.21057,4727,5
27.548223,23.904202,4736,8
21.339207,-7.5564346,4737,13
